{"cameraMode":{"drawMode":0,"name":"Shaded","section":"Shading Mode"},"sceneLighting":false,"audioPlay":false,"sceneViewState":{"showFog":true,"showMaterialUpdate":false,"showSkybox":false,"showFlares":true,"showImageEffects":true,"showParticleSystems":true},"in2DMode":false,"pivot":{"x":-1.300212025642395,"y":0.40330591797828677,"z":-0.000008225440979003906},"rotation":{"x":-0.005690219346433878,"y":-0.0000045985480028321039,"z":2.662683584730985e-8,"w":0.9999833703041077},"size":0.747300922870636,"orthographic":false}