{"cameraMode":{"drawMode":0,"name":"Shaded","section":"Shading Mode"},"sceneLighting":false,"audioPlay":false,"sceneViewState":{"showFog":true,"showMaterialUpdate":false,"showSkybox":false,"showFlares":true,"showImageEffects":true,"showParticleSystems":true},"in2DMode":false,"pivot":{"x":1.495408535003662,"y":0.6391564607620239,"z":0.2602454125881195},"rotation":{"x":-0.005690219346433878,"y":-0.0000045985480028321039,"z":2.662683584730985e-8,"w":0.9999833703041077},"size":0.9985206723213196,"orthographic":false}