{"cameraMode":{"drawMode":0,"name":"Shaded","section":"Shading Mode"},"sceneLighting":false,"audioPlay":false,"sceneViewState":{"showFog":true,"showMaterialUpdate":false,"showSkybox":false,"showFlares":true,"showImageEffects":true,"showParticleSystems":true},"in2DMode":false,"pivot":{"x":-5.78000020980835,"y":0.967125415802002,"z":-0.32013562321662905},"rotation":{"x":-0.005690219346433878,"y":-0.0000045985480028321039,"z":2.662683584730985e-8,"w":0.9999833703041077},"size":1.4292351007461548,"orthographic":false}