{"cameraMode":{"drawMode":0,"name":"Shaded","section":"Shading Mode"},"sceneLighting":false,"audioPlay":false,"sceneViewState":{"showFog":true,"showMaterialUpdate":false,"showSkybox":false,"showFlares":true,"showImageEffects":true,"showParticleSystems":true},"in2DMode":false,"pivot":{"x":-3.9523534774780275,"y":0.5653311014175415,"z":-0.00015977025032043457},"rotation":{"x":-0.005690219346433878,"y":-0.0000045985480028321039,"z":2.662683584730985e-8,"w":0.9999833703041077},"size":0.847330629825592,"orthographic":false}