{"cameraMode":{"drawMode":0,"name":"Shaded","section":"Shading Mode"},"sceneLighting":false,"audioPlay":false,"sceneViewState":{"showFog":true,"showMaterialUpdate":false,"showSkybox":false,"showFlares":true,"showImageEffects":true,"showParticleSystems":true},"in2DMode":false,"pivot":{"x":4.754429817199707,"y":0.0777084231376648,"z":0.020849525928497316},"rotation":{"x":-0.005690219346433878,"y":-0.0000045985480028321039,"z":2.662683584730985e-8,"w":0.9999833703041077},"size":1.3819260597229005,"orthographic":false}